weight,height,waistline,income_total,expend_avg,expend_health_year,work_week_hr,sectio4_score,gender
55,150,70,3200,3200,150,4,MEDIUM,2
50,158,76,6000,8000,200,0,GOOD,1
44,154,68,14100,8000,500,1,VERYGOOD,1
48,163,86,4800,6000,0,8,LOW,1
75,145,99,23200,10600,0,9,VERYGOOD,2
52,155,80,29200,14400,0,2,VERYGOOD,1
70,160,84,7400,3482,1000,4,MEDIUM,1
63,157,99,5000,2000,0,2,MEDIUM,1
55,153,85,7250,6000,0,5,GOOD,2
48,156,70,3600,3600,0,0,VERYGOOD,1
46,150,86,20000,20000,0,2,MEDIUM,2
51,160,71,14900,13650,150,6,VERYGOOD,1
8,180,56,111111.11,222222.22,333333.33,6666,LOW,1
55,175,76,11316,8000,1000,4,VERYGOOD,1
61,160,78,33700,33000,0,0,VERYGOOD,1
63,152,95,15000,15000,0,0,MEDIUM,2
0,0,0,50000.25,3500.5,4500.25,0,,1
72,160,79,13800,13000,0,0,VERYGOOD,2
0,0,0,0,0,10000,0,MEDIUM,2
64,166,82,7000,7000,0,5,VERYGOOD,1
52,161,72,9300,9000,0,2,LOW,2
50,150,78,6200,6200,0,0,VERYGOOD,2
52,156,82,9932,9000,0,0,GOOD,1
0,0,0,0,0,0,0,LOW,2
50,162,80,4000,2500,0,0,LOW,1
65,162,80,41000,40000,0,8,VERYGOOD,1
64,156,83,147600,100000,0,8,VERYGOOD,1
49,175,74,34900,20000,0,8,VERYGOOD,1
60,174,88,25533,20000,2000,5,GOOD,1
41,152,72,13000,13000,0,7,VERYGOOD,2
50,175,65,0,0,0,0,LOW,1
50,160,25,50000,20000,10000,0,VERYGOOD,1
85,170,92,29700,2500,0,2,VERYGOOD,1
50,165,70,15400,15000,0,0,LOW,1
51,170,78,19700,3000,0,4,GOOD,1
52,160,34,18400,15000,0,5,VERYGOOD,1
67,170,86,1700,4000,1000,8,GOOD,2
55,160,78,3700,6450,2400,0,VERYGOOD,1
65,165,81,19800,15000,720,8,VERYGOOD,2
66,160,96,5200,5000,300,3,GOOD,2
72,155,90,15000,10000,0,1,VERYGOOD,2
60,150,84,3800,6000,0,0,GOOD,2
67,175,84,11400,11400,0,2,GOOD,1
58,150,88,20600,8400,0,5,GOOD,2
46,155,70,29166,25000,0,8,VERYGOOD,1
69,175,91,2500,5180,600,8,GOOD,1
55,165,84,7200,8500,300,12,VERYGOOD,2
62,151,95,14266,10000,100,6,MEDIUM,2
43,155,78,10600,9500,0,0,VERYGOOD,2
64,156,86,10000,9000,0,0,GOOD,1
63,160,81,22100,22000,1000,4,VERYGOOD,1
68,160,91,2200,2500,0,0,GOOD,1
48,149,76,4950,6000,1000,0,VERYGOOD,2
48,158,69,2000,2000,0,2,VERYGOOD,1
43,150,65,27600,19000,0,0,VERYGOOD,2
62,160,80,280000,34000,0,14,VERYGOOD,2
61,167,93,6000,3500,0,10,MEDIUM,2
56,170,83,44300,44300,0,6,VERYGOOD,1
41,150,76,46500,12200,1600,5,VERYGOOD,2
350,145,73,3600,3000,0,8,VERYGOOD,2
54,160,76,8900,8500,0,5,VERYGOOD,1
60,165,80,25900,25900,2000,0,VERYGOOD,1
60,156,84,7500,7500,0,6,VERYGOOD,1
62,154,82,3300,2847,480,0,VERYGOOD,2
61,158,95,7800,6800,0,8,GOOD,1
60,145,95,4300,3335,1000,8,GOOD,2
52,165,70,3100,9250,300,0,MEDIUM,1
53,157,847,4400,4000,0,8,VERYGOOD,1
47,156,81,7477,7000,0,8,GOOD,2
54,152,82,22432,0,10000,8,VERYGOOD,2
63,155,78,9300,9300,0,2,VERYGOOD,2
60,158,87,2500,5300,600,8,GOOD,2
52,140,90,5700,10000,480,0,MEDIUM,2
48,160,86,11600,6000,0,8,VERYGOOD,1
72,152,112,40800,25700,0,2,VERYGOOD,2
81,177,99,46500,12200,0,8,VERYGOOD,1
48,163,82,14300,14000,300,0,MEDIUM,1
70,165,92,10100,9500,0,3,MEDIUM,1
45,165,67,7200,7200,150,5,VERYGOOD,1
54,158,95,22700,22700,280,4,GOOD,2
48,150,72,12400,10800,0,9,VERYGOOD,2
62,161,92,10000,9770,600,5,VERYGOOD,1
49,160,79,15600,15400,500,4,VERYGOOD,1
44,165,78,22500,22300,200,4,VERYGOOD,1
56,159,81,26800,26800,250,6,GOOD,1
48,158,81,15200,15200,0,0,LOW,2
68,164,84,11400,11000,0,8,VERYGOOD,1
56,153,77,17600,17000,0,0,GOOD,2
55,165,73,9200,5000,0,7,GOOD,1
42,143,67,21100,21100,0,0,LOW,2
60,152,87,34033,34000,1000,0,MEDIUM,2
40,155,70,6400,6400,200,8,LOW,2
75,175,96,8400,10800,0,0,GOOD,1
43,145,75,20000,25000,0,8,VERYGOOD,2
56,160,33,25200,15000,0,8,VERYGOOD,1
48,160,77,5800,6000,0,8,VERYGOOD,2
48,160,70,13000,11000,0,8,GOOD,1
57,160,81,22400,17000,0,5,VERYGOOD,1
55,165,79,31000,20000,0,8,VERYGOOD,1
49,155,61,7500,6000,0,0,GOOD,1
69,145,90,7500,7500,0,3,MEDIUM,2
48,150,74,17200,17200,200,4,VERYGOOD,1
64,160,90,3700,3700,0,3,GOOD,2
51,152,79,7000,7000,0,5,GOOD,2
56,155,82,10000,12000,0,4,VERYGOOD,1
46,148,79,3700,3700,0,0,VERYGOOD,2
69,158,104,60000,5000,0,2,GOOD,2
56,152,73,0,34900,0,8,VERYGOOD,2
56,165,79,11300,10000,2000,8,GOOD,1
52,168,72,8200,5200,0,3,VERYGOOD,1
56,155,91,1600,1500,0,0,GOOD,2
68,168,80,36800,5350,200,5,GOOD,1
50,157,67,2400,1560,300,2,GOOD,1
73,160,105,9900,12000,0,4,MEDIUM,1
62,166,84,3250,1660,500,8,VERYGOOD,1
56,163,84,10600,3000,0,8,GOOD,1
61,150,80,6700,6700,0,5,GOOD,2
48,149,74,12600,10000,0,4,VERYGOOD,2
56,162,77,8800,8000,1000,8,VERYGOOD,1
56,155,81,6400,6000,0,8,VERYGOOD,2
66,74,106,10080,10500,2000,0,LOW,1
52,156,75,6700,6500,0,4,VERYGOOD,1
43,150,25,10200,8000,0,5,MEDIUM,2
52,167,29,1400,1670,2000,0,GOOD,1
54,150,84,3100,3000,0,3,GOOD,2
48,151,70,3700,3700,0,3,GOOD,1
53,160,70,3900,3500,160,8,GOOD,1
43,150,76,15000,12000,0,0,GOOD,1
56,150,80,7700,9460,24000,0,GOOD,2
49,135,80,2900,2900,0,4,GOOD,2
65,170,80,23100,21100,0,6,VERYGOOD,1
60,170,80,10600,10600,160,0,LOW,1
59,155,84,18600,18600,200,6,VERYGOOD,2
48,150,77,10700,9500,1000,7,MEDIUM,2
43,148,60,12700,9640,0,11,VERYGOOD,2
76,163,94,3700,3700,0,4,GOOD,1
45,160,70,4900,4800,100,7,GOOD,1
66,158,108,23700,23700,160,2,VERYGOOD,2
45,158,85,2400,1860,300,2,GOOD,2
50,160,85,2800,3360,600,0,MEDIUM,1
60,170,77,21600,20000,0,0,MEDIUM,1
38,145,87,14400,11400,250,8,MEDIUM,2
45,150,68,9700,9700,0,0,VERYGOOD,2
50,158,84,1900,1900,60,2,GOOD,2
60,150,83,2300,2300,100,0,GOOD,2
60,156,82,6600,3600,300,8,VERYGOOD,2
65,152,94,18400,13700,1200,0,MEDIUM,1
50,160,75,5100,5000,0,5,GOOD,1
58,161,80,3900,3700,0,4,GOOD,1
40,150,73,2900,6755,0,0,MEDIUM,2
56,170,68,3800,3800,400,4,MEDIUM,1
40,150,66,13520,11000,500,2,MEDIUM,2
70,167,90,42300,40000,0,8,VERYGOOD,1
55,152,85,4400,3500,0,4,VERYGOOD,1
49,160,75,7800,6000,0,6,VERYGOOD,1
72,153,91,4900,2000,3000,13,GOOD,2
53,148,80,16200,6000,1200,6,VERYGOOD,2
56,161,72,13200,16000,400,8,VERYGOOD,1
70,156,90,13500,13500,0,3,VERYGOOD,1
52,158,81,4600,4500,300,4,VERYGOOD,2
45,145,91,4500,3000,460,4,MEDIUM,2
73,170,90,9300,9000,0,4,VERYGOOD,1
52,163,77,3500,2640,300,6,LOW,1
47,172,75,1900,1000,150,7,VERYGOOD,1
48,170,70,15500,16570,6000,8,MEDIUM,1
42,158,78,17400,18500,3300,0,GOOD,1
55,160,74,4100,5800,0,10,VERYGOOD,1
77,165,99,1200,3000,300,0,VERYGOOD,1
41,137,68,4000,4000,0,5,VERYGOOD,2
52,165,78,1700,1500,350,0,VERYGOOD,1
47,150,67,13000,11000,0,4,MEDIUM,2
57,150,80,9600,11500,800,8,GOOD,2
72,169,34,88000,20000,0,6,VERYGOOD,1
58,159,37,8600,6000,0,10,VERYGOOD,1
72,153,91,45900,20900,1200,11,GOOD,2
68,150,83,30600,30000,5000,0,GOOD,2
67,154,34,31000,20000,0,8,VERYGOOD,1
57,145,80,10300,6000,300,6,GOOD,2
65,170,84,11600,6470,0,6,GOOD,1
57,153,90,16000,10000,5000,6,VERYGOOD,2
58,164,80,1500,4900,1080,0,GOOD,1
66,157,89,7100,7950,4500,0,VERYGOOD,1
56,170,87,24200,20000,0,7,VERYGOOD,1
59,158,86,11700,10000,0,3,VERYGOOD,1
53,165,82,17200,15000,800,8,VERYGOOD,1
68,176,92,26200,26000,3000,4,GOOD,1
151,48,72,9900,10000,0,0,VERYGOOD,1
52,163,32,1500,2000,0,0,LOW,1
42,150,72,19800,15000,1000,1,VERYGOOD,2
57,155,87,7300,10000,1000,6,VERYGOOD,2
52,155,86,4000,4000,0,0,GOOD,2
64,156,82,18000,10000,0,6,VERYGOOD,2
53,150,92,4800,5000,1500,4,GOOD,2
70,165,94,6500,4000,0,6,GOOD,2
52,165,81,16300,6000,0,8,GOOD,1
69,165,87,20000,4450,0,3,VERYGOOD,1
69,159,93,12833,12800,600,8,VERYGOOD,2
56,164,75,600,16500,10000,0,GOOD,2
63,155,95,4600,6000,2500,6,VERYGOOD,2
60,170,80,600,370,0,0,MEDIUM,1
60,175,80,33933,15600,500,10,VERYGOOD,1
37,148,61,2500,2000,2000,0,MEDIUM,2
56,160,76,12200,3800,0,0,GOOD,2
71,165,85,100000,20000,0,8,VERYGOOD,1
52,165,79,9200,9200,0,9,VERYGOOD,1
45,151,77,7908,5000,1200,10,VERYGOOD,2
59,163,72,38000,14000,0,0,VERYGOOD,2
68,165,94,60000,50000,0,8,VERYGOOD,1
62,161,87,30000,15000,0,5,VERYGOOD,1
80,162,107,20000,17000,12000,8,VERYGOOD,1
53,147,72,140000,77200,5000,8,VERYGOOD,2
72,170,84,15600,14500,0,6,VERYGOOD,1
71,170,86,15600,13000,0,6,VERYGOOD,1
97,175,111,10400,10000,0,8,MEDIUM,1
44,157,71,27000,15000,0,10,GOOD,2
62,150,107,16600,18000,600,8,GOOD,2
49,150,82,50000,30000,5000,8,VERYGOOD,2
75,165,89,30000,20000,3000,8,MEDIUM,1
68,154,92,21000,13000,0,9,VERYGOOD,2
49,155,94,21500,25000,0,0,LOW,2
86,165,89,20000,15000,0,8,VERYGOOD,2
57,165,81,15000,10000,0,10,VERYGOOD,2
60,165,74,10000,10000,0,9,VERYGOOD,2
45,153,75,6800,6800,0,4,VERYGOOD,2
60,167,87,15000,10000,0,10,GOOD,1
60,155,87,29600,13000,0,8,VERYGOOD,2
50,155,77,50000,30000,0,8,VERYGOOD,2
81,155,107,6600,3600,0,2,MEDIUM,2
70,155,94,6600,6600,0,4,MEDIUM,2
58,170,78,4800,5500,0,3,VERYGOOD,1
54,165,74,19800,11000,0,5,GOOD,1
40,160,69,6600,6000,0,4,GOOD,1
67,152,92,6700,6700,300,0,LOW,2
59,166,87,12000,12000,0,5,VERYGOOD,1
47,145,70,6000,6000,0,3,GOOD,1
50,150,71,6000,6000,3500,2,GOOD,1
50,150,76,16000,7000,1000,0,VERYGOOD,2
50,160,71,1700,1700,0,0,VERYGOOD,1
67,165,88,2000,1500,3000,0,MEDIUM,1
57,155,93,18000,15000,0,3,LOW,2
44,148,78,30700,22000,100,5,VERYGOOD,2
50,156,69,15000,10000,0,1,VERYGOOD,2
45,158,69,28900,22000,0,2,GOOD,2
54,161,83,5800,8500,0,3,MEDIUM,1
62,175,70,4452,4000,0,6,MEDIUM,1
47,145,78,4900,5500,0,4,VERYGOOD,2
67,157,86,12000,9800,0,4,GOOD,2
43,160,75,14000,9800,0,3,GOOD,2
71,155,90,2000,1500,1000,3,VERYGOOD,2
57,162,82,7000,5000,0,3,GOOD,1
50,170,62,16700,15000,0,3,VERYGOOD,1
69,170,87,2000,2000,1500,3,VERYGOOD,1
47,60,80,15000,15000,2000,4,GOOD,1
52,140,88,8000,7000,1000,2,MEDIUM,2
65,162,80,5000,5000,0,2,GOOD,1
57,170,93,6000,5000,0,2,VERYGOOD,1
73,155,93,8500,8500,0,0,GOOD,2
63,165,82,15600,15000,0,6,GOOD,1
53,148,85,4700,4700,1000,4,GOOD,1
75,152,103,29000,29000,0,8,VERYGOOD,2
44,144,45,3700,3000,0,0,MEDIUM,2
62,160,95,34800,34800,0,4,LOW,2
67,166,81,13200,12000,0,8,VERYGOOD,1
57,165,85,6150,6070,3600,8,MEDIUM,1
53,150,83,50000,45000,3000,8,GOOD,2
66,154,102,4000,3000,0,8,VERYGOOD,2
78,158,109,16300,10000,3000,3,GOOD,2
58,150,96,5000,4800,2000,5,VERYGOOD,2
61,160,98,4300,3510,600,8,GOOD,1
43,150,60,8800,5500,100,6,VERYGOOD,2
46,149,79,27000,5600,600,9,GOOD,2
45,146,68,3800,3360,600,0,MEDIUM,2
45,149,80,2100,6000,0,0,GOOD,2
67,153,96,6000,6000,2500,4,VERYGOOD,2
60,150,76,10800,8500,0,4,GOOD,2
55,163,83,13516,8000,1200,0,VERYGOOD,1
50,150,78,7500,7000,0,5,VERYGOOD,2
62,145,87,20850,20850,0,8,GOOD,2
60,170,81,5400,4000,0,0,LOW,1
48,153,62,30000,17000,20000,8,VERYGOOD,2
52,150,78,7500,7500,150,0,VERYGOOD,2
55,156,82,3400,5300,500,2,MEDIUM,2
54,160,90,6200,6500,1000,4,VERYGOOD,2
70,165,91,6400,7000,2500,0,MEDIUM,2
51,156,86,9000,8230,250,7,GOOD,1
47,158,78,4800,5000,720,12,GOOD,2
60,148,88,6900,8500,120,1,MEDIUM,2
54,150,64,2600,3000,0,0,VERYGOOD,2
64,160,34,2100,2000,0,5,LOW,2
52,158,80,18000,15000,14000,9,GOOD,2
56,136,84,11400,11400,0,2,GOOD,2
89,175,117,31000,30000,0,0,LOW,1
56,152,82,20000,15000,0,7,VERYGOOD,2
61,164,82,5200,4640,800,4,MEDIUM,1
65,163,97,10200,5400,500,3,GOOD,2
42,160,73,2200,5000,0,0,GOOD,1
68,0,159,1800,3800,200,0,MEDIUM,2
79,163,92,7600,7000,300,0,VERYGOOD,2
62,160,80,32300,25000,0,4,GOOD,1
58,160,74,7500,7500,0,0,LOW,2
74,165,80,9900,6580,0,6,VERYGOOD,2
70,165,94,3900,3270,200,2,MEDIUM,1
50,150,87,22300,20000,3000,5,VERYGOOD,2
53,155,70,1900,1700,0,0,MEDIUM,2
38,152,75,0,6000,0,0,VERYGOOD,2
51,155,82,7600,5500,0,0,MEDIUM,2
38,158,72,3700,3500,2400,0,LOW,1
50,151,77,22300,20000,300,5,VERYGOOD,1
65,150,100,103600,96000,12000,12,VERYGOOD,2
68,150,91,6000,8000,700,2,GOOD,2
54,150,87,3300,3300,0,0,MEDIUM,2
83,175,92,50000,35000,3000,10,VERYGOOD,1
57,157,84,30100,8300,0,3,GOOD,2
55,158,36,28100,15000,0,45,LOW,1
70,162,85,32232,12000,0,8,VERYGOOD,1
72,168,86,45000,40000,0,5,VERYGOOD,1
56,150,83,9100,8500,200,0,GOOD,2
49,155,92,24600,20500,12000,2,MEDIUM,2
64,160,75,6300,6000,2400,0,VERYGOOD,1
54,150,79,6300,6000,500,0,MEDIUM,2
45,160,73,2800,3000,0,0,LOW,1
37,153,60,16800,16800,500,4,VERYGOOD,2
58,160,70,4500,4500,1200,4,VERYGOOD,1
45,155,76,1900,2000,0,0,LOW,1
62,162,81,7500,8000,4000,0,VERYGOOD,1
44,155,64,26200,26000,2000,2,GOOD,2
70,165,86,3900,3100,2400,0,VERYGOOD,2
55,154,83,23000,23000,0,6,VERYGOOD,2
52,155,86,6300,6000,0,5,VERYGOOD,2
90,159,100,30000,40000,20000,2,VERYGOOD,1
53,140,80,1300,2300,50,0,MEDIUM,2
48,156,76,4100,5000,3000,2,VERYGOOD,2
53,160,73,10200,10200,250,5,VERYGOOD,1
50,160,74,10800,10800,0,5,GOOD,1
70,158,94,15700,6300,0,12,VERYGOOD,1
61,168,75,7600,7000,500,2,VERYGOOD,1
65,165,82,18000,5000,0,6,VERYGOOD,1
52,152,88,21500,21500,1000,2,MEDIUM,2
48,158,71,61633,190000,0,2,VERYGOOD,2
43,147,69,4133,4000,300,6,VERYGOOD,2
92,168,87,67400,15000,0,8,GOOD,1
56,160,99,6000,5030,200,6,LOW,2
50,156,68,11000,10000,500,5,GOOD,1
68,161,83,13000,5300,0,0,VERYGOOD,1
46,160,46,54000,3000,0,8,VERYGOOD,1
65,154,85,37300,30000,5000,8,GOOD,2
65,165,91,25800,15000,0,0,MEDIUM,1
52,150,81,16033,13250,2000,8,VERYGOOD,2
70,160,80,5000,5000,160,3,MEDIUM,2
63,170,83,4900,4900,0,3,GOOD,1
40,140,75,5700,2700,58,5,GOOD,2
59,155,91,13800,13800,69,5,VERYGOOD,2
97,160,102,20000,15000,0,7,VERYGOOD,1
47,175,79,13800,13800,1600,1,MEDIUM,1
63,170,95,40000,40000,4000,0,GOOD,1
63,159,86,15000,10000,0,6,VERYGOOD,2
70,160,92,2366,1000,0,2,VERYGOOD,2
70,165,91,16033,13250,2000,2,VERYGOOD,1
57,153,80,41683,37000,0,8,VERYGOOD,1
70,158,38,4000,3000,0,8,MEDIUM,2
57,150,85,47300,15000,0,7,VERYGOOD,2
52,160,75,18600,18600,0,6,VERYGOOD,1
48,160,71,2900,7000,0,5,GOOD,2
65,160,35,9600,6000,0,3,GOOD,2
65,165,96,38700,12000,0,4,MEDIUM,1
37,153,59,15000,8000,0,8,VERYGOOD,2
57,165,82,19500,18000,0,7,VERYGOOD,1
52,156,80,4600,4000,0,5,GOOD,2
61,165,33,58000,20000,0,11,VERYGOOD,1
45,155,63,2600,4000,0,0,MEDIUM,1
48,146,90,6700,6500,100,8,VERYGOOD,1
51,155,72,43800,39900,500,8,GOOD,2
52,170,80,12400,9600,700,5,VERYGOOD,1
47,159,83,1700,1840,500,0,GOOD,2
60,158,78,21700,18000,0,8,VERYGOOD,2
49,140,81,3700,3500,500,0,GOOD,2
65,168,80,20000,18000,2000,8,VERYGOOD,1
62,150,91,54700,30000,4000,10,VERYGOOD,2
43,145,74,5020,3000,570,8,VERYGOOD,2
64,150,88,5000,5000,0,4,VERYGOOD,1
55,160,82,16600,3500,0,3,GOOD,2
88,170,97,6800,6800,2000,4,VERYGOOD,1
45,156,71,2300,1550,600,4,VERYGOOD,1
60,160,97,2900,2900,330,7,GOOD,2
57,166,82,34800,34800,300,4,GOOD,1
70,175,90,3400,5300,500,4,GOOD,1
63,145,82,10700,10000,5000,10,GOOD,2
70,170,85,15100,15100,0,4,GOOD,1
70,175,94,24600,20500,12000,5,MEDIUM,1
53,150,73,700,2000,0,0,MEDIUM,2
58,160,72,1700,3800,720,0,GOOD,1
63,148,84,15600,8000,0,8,VERYGOOD,2
42,149,27,16890,6000,0,8,MEDIUM,2
47,149,32,2700,6000,0,8,GOOD,1
52,155,82,9600,5058,600,8,VERYGOOD,1
44,159,28,18200,3000,0,8,GOOD,1
75,158,90,14150,14000,0,4,VERYGOOD,1
58,165,79,8400,5070,660,8,VERYGOOD,1
62,169,92,2820,1500,0,9,VERYGOOD,1
66,175,87,50000,20000,0,8,VERYGOOD,1
51,145,80,15100,15100,1000,3,VERYGOOD,2
75,165,90,6000,6000,0,8,VERYGOOD,1
48,155,74,6800,6700,500,4,VERYGOOD,1
62,168,80,1900,1900,100,0,MEDIUM,1
37,130,62,5800,5800,2000,0,MEDIUM,2
31,150,68,3900,3900,500,0,MEDIUM,2
48,145,80,18150,18000,1000,0,VERYGOOD,2
56,145,90,26900,26900,2000,4,VERYGOOD,1
47,165,70,2000,2000,300,0,MEDIUM,1
50,145,94,19200,19000,500,4,VERYGOOD,2
47,160,66,4800,2330,600,8,GOOD,1
46,159,80,11000,8400,0,5,VERYGOOD,2
50,150,63,4000,3000,200,0,MEDIUM,2
40,155,63,8000,7500,0,4,GOOD,2
64,160,92,6300,6300,0,5,VERYGOOD,1
40,145,76,8000,8000,0,0,VERYGOOD,2
35,150,77,7100,7100,0,0,LOW,1
58,160,88,8000,8000,1000,6,VERYGOOD,1
49,152,76,4400,2900,600,4,MEDIUM,2
70,162,86,6200,6000,0,3,MEDIUM,1
62,155,91,10100,10800,2400,4,MEDIUM,2
92,154,40,100000,40000,0,0,LOW,2
47,160,74,9000,9000,0,3,GOOD,1
65,160,86,16200,10000,0,3,GOOD,1
60,156,86,12000,12000,0,8,VERYGOOD,2
64,165,32,137000,12000,30000,0,VERYGOOD,1
53,156,78,5900,5900,0,8,MEDIUM,2
54,172,77,7900,3681,500,4,GOOD,1
45,145,82,6700,5000,0,0,LOW,2
58,158,95,4500,4500,0,5,VERYGOOD,1
72,165,96,14200,15000,0,0,GOOD,2
53,147,96,45500,45000,0,6,VERYGOOD,2
40,140,68,2500,2500,200,0,GOOD,2
43,145,71,11700,5325,800,4,VERYGOOD,2
55,153,85,15839,10740,0,5,GOOD,1
50,145,71,25366,20000,0,6,VERYGOOD,2
55,159,80,19500,19000,0,4,GOOD,2
62,161,91,6300,6300,200,1,MEDIUM,1
64,164,86,18000,10000,25000,2,VERYGOOD,1
52,160,0,11200,11000,1000,4,VERYGOOD,1
45,153,70,3300,3000,0,6,GOOD,1
55,155,95,11200,11000,1000,4,VERYGOOD,2
50,155,81,20000,20000,0,0,VERYGOOD,2
55,160,76,8200,6000,0,6,VERYGOOD,1
45,140,68,2000,1000,300,0,LOW,2
46,155,70,27900,10000,0,0,MEDIUM,2
38,150,81,12800,7000,0,0,LOW,2
52,155,92,1500,4800,0,0,MEDIUM,2
59,154,80,25000,10000,10000,1,VERYGOOD,2
60,155,106,30000,20000,0,8,MEDIUM,1
48,155,78,5900,4200,1080,8,VERYGOOD,1
70,155,87,7000,5000,0,0,LOW,1
60,150,93,11400,11400,0,0,LOW,2
68,162,83,7000,6600,0,0,MEDIUM,2
58,145,93,21200,4000,0,0,MEDIUM,2
40,145,68,23400,21000,0,6,GOOD,2
57,135,93,2800,2500,0,4,GOOD,2
62,158,95,12500,7200,0,8,VERYGOOD,2
58,160,70,3400,3400,160,3,GOOD,1
52,149,87,1700,2850,0,8,GOOD,2
56,156,82,46800,45800,0,7,MEDIUM,2
55,160,32,18000,18000,0,5,VERYGOOD,1
68,158,85,6900,5850,1200,8,VERYGOOD,2
60,160,68,7200,10500,0,8,GOOD,2
55,150,93,3600,1000,500,5,MEDIUM,2
45,155,82,2800,2800,0,0,MEDIUM,1
42,165,66,4000,2000,0,4,MEDIUM,1
56,150,85,5000,3000,0,6,MEDIUM,2
51,148,70,15000,15000,0,0,VERYGOOD,2
55,150,80,9600,2600,500,4,VERYGOOD,2
66,170,81,9650,9000,3000,5,VERYGOOD,1
52,150,83,5300,5300,0,2,VERYGOOD,2
48,145,80,1700,2000,2000,0,LOW,2
55,168,69,4200,4200,0,2,VERYGOOD,1
52,170,75,3900,3900,0,3,VERYGOOD,1
60,155,97,2500,2000,0,0,LOW,2
73,155,109,19000,15000,0,0,MEDIUM,2
80,150,102,20000,20000,6500,5,VERYGOOD,2
62,154,77,30000,30000,0,10,VERYGOOD,2
67,152,100,8400,13700,1200,0,MEDIUM,2
73,168,100,4600,3000,0,2,VERYGOOD,1
49,155,82,5500,4330,0,5,MEDIUM,2
62,163,81,2470,2300,420,0,GOOD,2
52,160,78,2200,1500,0,3,MEDIUM,1
55,150,89,2500,2000,0,0,VERYGOOD,2
48,160,72,9800,8000,0,6,VERYGOOD,1
66,155,88,19800,12000,0,5,VERYGOOD,1
60,155,79,13700,13000,0,8,VERYGOOD,1
56,160,82,10700,10700,2400,4,GOOD,1
65,155,86,3600,3000,0,2,VERYGOOD,1
47,160,74,18366,10000,0,5,VERYGOOD,1
47,165,635,12100,12100,0,0,VERYGOOD,1
53,167,80,4500,4500,0,1,GOOD,1
56,160,75,7100,6000,0,0,GOOD,2
43,141,62,4500,3500,0,1,GOOD,2
62,162,87,3500,3500,0,0,VERYGOOD,1
60,170,84,16300,10000,0,3,VERYGOOD,1
49,170,61,15700,25000,0,0,LOW,1
61,155,97,3532,3000,0,6,VERYGOOD,2
50,153,74,3500,3500,0,0,LOW,2
58,153,82,16016,9000,0,7,VERYGOOD,2
60,150,94,27700,27000,0,0,MEDIUM,2
65,165,82,15100,10000,0,0,MEDIUM,1
58,150,90,4000,4000,0,4,MEDIUM,2
42,145,76,700,700,0,0,LOW,2
75,155,107,12600,4500,0,0,VERYGOOD,2
52,165,79,7500,7500,0,4,LOW,1
50,150,84,15000,15000,0,0,VERYGOOD,2
70,165,95,6500,4060,400,8,GOOD,1
44,168,55,20800,12000,0,4,GOOD,1
50,155,88,18300,19500,0,7,VERYGOOD,1
50,137,75,0,21000,0,0,GOOD,2
56,160,78,21700,20000,0,6,VERYGOOD,2
679,160,104,14100,11000,0,5,GOOD,2
53,155,87,7000,7000,0,6,VERYGOOD,2
75,172,100,2400,2400,0,0,MEDIUM,1
70,162,97,13900,5160,300,0,MEDIUM,1
52,150,81,40900,25000,0,0,VERYGOOD,2
69,160,92,15600,3000,0,2,VERYGOOD,1
55,150,84,14600,14000,0,0,MEDIUM,2
55,156,86,50600,30000,450,3,GOOD,2
51,150,88,5000,500,0,0,GOOD,2
63,165,99,33900,33020,270,2,MEDIUM,2
49,150,92,8500,5000,3500,5,GOOD,2
47,160,84,22200,2500,0,8,VERYGOOD,1
60,160,76,9200,7000,0,4,GOOD,2
50,150,76,30700,20000,0,6,VERYGOOD,2
52,165,77,600,12000,0,5,GOOD,1
54,150,77,3600,7000,0,1,GOOD,1
76,165,92,12200,9300,300,0,VERYGOOD,1
70,171,85,1800,1500,300,0,VERYGOOD,1
76,172,99,16100,16000,0,6,GOOD,1
74,163,98,1900,3000,500,0,GOOD,2
56,155,88,2300,2500,2000,0,MEDIUM,2
53,151,60,23100,17000,0,0,VERYGOOD,2
60,155,92,6200,3000,0,7,GOOD,1
40,140,57,2600,2500,0,0,LOW,2
52,158,75,600,600,0,0,GOOD,1
70,151,84,30000,40000,20000,0,VERYGOOD,2
59,165,77,5800,4000,0,7,VERYGOOD,1
54,153,83,8700,8700,2000,2,GOOD,2
50,165,65,1000,1000,0,0,MEDIUM,2
71,153,110,14900,14900,0,6,GOOD,2
65,166,85,19900,18500,300,6,VERYGOOD,1
85,169,132,7600,7000,0,6,VERYGOOD,1
45,156,74,50600,38500,0,0,VERYGOOD,2
55,151,102,6000,9000,0,0,LOW,2
50,156,81,30000,25000,0,0,VERYGOOD,2
69,168,90,20000,20000,600,5,VERYGOOD,1
43,160,70,2100,1200,0,8,VERYGOOD,1
75,154,99,14500,16000,0,1,VERYGOOD,2
57,147,104,20800,20800,0,0,VERYGOOD,2
50,158,76,37000,30000,0,0,MEDIUM,2
70,150,100,33900,33900,3000,0,VERYGOOD,2
65,154,93,29700,25000,0,5,MEDIUM,2
43,146,79,30000,20000,10000,0,LOW,2
48,148,74,22400,16000,0,13,VERYGOOD,2
62,157,77,85600,65600,0,0,MEDIUM,2
60,160,84,12400,14000,0,6,GOOD,1
62,165,88,6000,6800,0,0,VERYGOOD,1
59,155,82,55700,60000,4200,7,VERYGOOD,2
45,145,75,54700,46000,3000,4,GOOD,1
52,165,82,13900,10000,0,7,VERYGOOD,1
55,150,86,15000,5000,0,0,GOOD,2
57,160,73,12570,12570,0,4,VERYGOOD,2
48,144,69,10000,10000,520,3,GOOD,2
44,151,76,4000,4000,600,7,VERYGOOD,2
45,147,83,25700,15000,1000,2,MEDIUM,2
50,148,85,2960,3000,0,0,LOW,2
51,158,76,4800,6100,0,4,MEDIUM,2
62,161,88,6000,5000,0,5,VERYGOOD,1
48,150,80,5400,3000,800,8,MEDIUM,2
89,146,133,10000,7000,300,0,LOW,2
68,150,102,18200,12000,800,0,GOOD,2
58,148,85,6300,6300,300,0,GOOD,2
45,160,70,9000,8000,0,8,VERYGOOD,1
52,140,86,18150,19000,0,4,MEDIUM,2
62,153,84,60700,61000,0,6,VERYGOOD,2
47,156,78,30000,23000,0,0,VERYGOOD,2
60,145,81,20700,20700,1000,3,VERYGOOD,2
63,164,92,3990,1000,0,4,GOOD,1
45,169,65,3700,2800,200,0,LOW,1
71,162,86,46000,30000,5000,6,VERYGOOD,1
70,164,87,22400,16000,0,8,VERYGOOD,1
56,144,92,18500,9500,1500,3,MEDIUM,2
75,160,92,8600,8600,1000,4,GOOD,2
60,155,94,2000,2000,3000,0,LOW,2
59,170,79,1800,1500,300,0,MEDIUM,1
64,170,81,27500,26220,200,6,MEDIUM,1
53,155,86,5000,8000,2000,2,MEDIUM,2
65,170,80,7250,6000,0,5,GOOD,1
50,160,100,1900,1800,0,3,VERYGOOD,1
61,155,93,50000,30000,0,4,GOOD,2
65,158,94,30650,15000,0,2,GOOD,1
75,165,69,15000,15000,300,3,VERYGOOD,1
87,165,100,20000,18200,0,0,VERYGOOD,1
65,161,94,12000,5000,0,2,VERYGOOD,1
60,155,80,1500,2500,0,0,VERYGOOD,1
40,159,30,5600,5600,0,2,MEDIUM,1
65,160,80,16200,16200,160,3,GOOD,1
70,152,94,9900,9440,20000,8,GOOD,2
60,145,90,4000,2500,0,0,LOW,2
73,155,107,1200,7000,0,5,VERYGOOD,2
38,145,82,6800,6800,100,2,MEDIUM,2
55,159,32,30100,22000,500,4,GOOD,1
45,140,70,12000,12000,150,3,LOW,2
53,158,82,21200,42000,2000,10,VERYGOOD,2
92,170,107,35200,35200,0,5,VERYGOOD,1
40,142,85,700,1720,0,5,MEDIUM,2
40,160,69,3900,3000,0,8,VERYGOOD,1
58,160,92,12400,10000,0,4,MEDIUM,1
50,163,70,4200,3200,150,2,GOOD,1
55,150,72,4300,4200,1000,2,MEDIUM,2
60,160,78,30900,27500,200,4,VERYGOOD,1
45,147,80,4900,4000,480,0,GOOD,2
75,170,103,12400,12400,150,2,GOOD,1
58,160,88,13100,13100,0,3,GOOD,1
69,155,90,16100,9900,1000,0,VERYGOOD,1
65,162,85,3300,4148,0,0,LOW,1
2,2,1,4900,4000,0,4,VERYGOOD,1
75,160,80,12900,12900,160,4,VERYGOOD,1
49,158,74,5900,4000,0,7,VERYGOOD,1
48,148,86,2000,2000,1400,4,VERYGOOD,2
58,170,87,16500,7000,0,8,GOOD,1
33,150,58,12400,10000,0,0,MEDIUM,2
42,160,76,8700,7710,0,2,VERYGOOD,2
60,160,80,27040,20000,0,8,GOOD,1
46,150,70,4900,4500,500,4,VERYGOOD,2
56,160,78,21700,20000,0,6,VERYGOOD,1
43,142,91,9100,9100,350,3,GOOD,2
69,150,85,140000,110000,0,0,VERYGOOD,2
52,160,76,20000,15000,3000,9,LOW,1
53,155,97,22000,12600,0,10,VERYGOOD,2
54,155,99,7500,7400,1000,2,VERYGOOD,2
71,176,91,21500,20000,1500,2,MEDIUM,1
74,160,100,17900,17900,0,6,VERYGOOD,2
40,150,81,9400,9400,250,4,MEDIUM,2
48,150,72,9200,9000,500,2,VERYGOOD,2
53,159,71,11400,48000,7200,20,VERYGOOD,2
46,158,74,1800,1800,70,0,LOW,1
65,160,100,20680,20680,100,5,GOOD,2
48,168,72,10000,8000,0,3,GOOD,1
58,165,87,22000,23000,700,1,GOOD,1
50,164,88,13500,13000,0,5,VERYGOOD,2
51,150,81,19000,19000,0,0,MEDIUM,2
42,165,71,8300,8300,0,3,VERYGOOD,1
55,145,88,0,10900,8000,0,VERYGOOD,2
61,160,90,13200,13000,1500,0,MEDIUM,1
45,150,78,7400,7400,500,3,GOOD,2
63,150,80,19100,19100,0,6,VERYGOOD,1
62,158,102,29200,7000,500,4,VERYGOOD,1
66,157,81,15000,15000,1500,8,GOOD,2
66,170,82,15400,13000,1500,6,MEDIUM,1
63,153,96,15000,11000,500,8,GOOD,2
60,165,92,13800,1000,4000,6,GOOD,1
50,150,85,1000,500,0,0,LOW,2
56,158,84,16600,1500,3000,0,GOOD,2
91,170,100,4200,3600,0,5,VERYGOOD,1
67,165,84,9600,3000,0,0,VERYGOOD,1
56,140,94,1650,1200,0,3,VERYGOOD,2
76,150,106,9600,4000,600,10,VERYGOOD,2
45,150,81,9600,4000,0,8,VERYGOOD,2
70,165,89,40000,7000,0,4,VERYGOOD,1
58,150,87,15800,15680,1000,5,VERYGOOD,2
65,164,82,1966,15000,0,6,GOOD,1
58,156,85,7700,6000,500,13,VERYGOOD,1
42,149,86,10600,10000,500,0,LOW,2
63,157,87,9150,9000,0,3,MEDIUM,1
63,168,90,29000,29000,0,3,GOOD,1
70,160,93,9400,8600,2400,8,MEDIUM,2
43,142,73,3400,4220,1000,0,GOOD,2
49,150,74,6200,6200,0,0,VERYGOOD,2
74,174,86,30000,30000,200000,0,VERYGOOD,1
65,156,99,11400,7000,600,6,VERYGOOD,2
46,160,79,9700,9700,0,4,VERYGOOD,1
70,159,69,13700,7000,200,5,VERYGOOD,1
48,155,96,16000,15800,0,6,VERYGOOD,2
68,162,105,9100,9000,500,5,VERYGOOD,1
72,159,98,24000,18800,0,6,VERYGOOD,2
73,153,99,20000,15000,3000,8,GOOD,2
55,155,77,2800,2000,0,0,MEDIUM,2
40,150,67,6900,8000,0,2,VERYGOOD,2
52,165,75,2500,2000,2000,0,MEDIUM,1
72,170,96,50000,30000,1000,0,VERYGOOD,1
50,160,68,1800,1800,0,3,VERYGOOD,2
53,167,77,1400,500,1800,0,GOOD,1
41,149,79,3900,6170,300,0,GOOD,2
65,150,81,15000,12000,2000,7,VERYGOOD,2
60,155,90,14600,3000,0,5,GOOD,1
60,150,87,4400,4350,500,5,VERYGOOD,2
55,150,94,11600,3500,0,3,VERYGOOD,2
43,145,80,5567,3400,5000,4,VERYGOOD,2
59,155,90,27400,27400,200,6,GOOD,2
36,150,65,11100,11100,3000,0,LOW,2
42,150,80,6400,6300,2000,0,GOOD,2
64,160,106,15000,12000,0,0,GOOD,2
59,175,72,27100,27100,0,4,VERYGOOD,1
55,155,79,1900,1500,100,0,VERYGOOD,2
45,154,29,0,26800,26500,6,VERYGOOD,2
58,156,88,22900,22900,200,6,GOOD,2
59,160,82,20000,4450,0,3,VERYGOOD,2
54,150,98,11600,11600,0,4,GOOD,2
55,180,87,6000,6000,200,0,LOW,1
67,163,87,20700,19150,0,4,VERYGOOD,1
52,152,87,5000,5000,0,8,VERYGOOD,2
48,155,74,25200,25550,260,4,VERYGOOD,1
58,150,102,13000,7000,0,10,VERYGOOD,2
62,159,90,23000,22900,0,6,VERYGOOD,1
62,157,4,3900,3900,0,0,GOOD,2
70,150,90,10400,10400,160,4,GOOD,1
60,160,74,9800,9800,160,2,VERYGOOD,1
50,150,70,5000,5000,100,3,VERYGOOD,2
50,160,70,9650,9000,3000,10,VERYGOOD,2
65,160,87,4900,4900,300,6,VERYGOOD,1
40,170,72,9000,9000,600,2,GOOD,1
52,151,74,14500,14500,100,7,GOOD,2
58,165,70,19733,11800,0,2,GOOD,1
54,155,91,9700,9700,200,6,VERYGOOD,2
60,155,90,10566,8000,0,4,VERYGOOD,1
63,156,87,7100,7000,0,6,VERYGOOD,2
64,164,89,5400,2000,0,0,MEDIUM,1
65,159,91,17400,17400,0,4,VERYGOOD,1
72,156,96,45600,4000,0,5,VERYGOOD,1
58,158,82,3600,2000,4000,2,MEDIUM,2
55,160,86,9800,8650,1500,8,GOOD,1
45,160,76,19300,15300,0,5,VERYGOOD,1
64,155,95,14900,14900,200,6,MEDIUM,2
54,150,82,7500,9170,4500,6,VERYGOOD,2
60,153,84,15000,10000,5000,8,VERYGOOD,1
65,170,85,8000,8000,300,5,VERYGOOD,1
45,149,71,2300,1746,500,0,MEDIUM,2
56,156,75,45000,40000,0,4,GOOD,2
49,149,68,22500,18000,2000,3,LOW,2
50,156,75,3400,2500,0,3,VERYGOOD,2
49,160,71,7800,5000,0,8,VERYGOOD,2
55,153,80,2600,3500,0,0,LOW,1
50,160,0,4300,1000,0,4,GOOD,1
40,156,75,600,600,0,0,GOOD,2
65,164,99,2800,2000,0,8,MEDIUM,1
54,165,82,2800,2500,0,3,GOOD,1
54,150,83,4000,2000,540,2,VERYGOOD,2
44,147,73,18600,2000,0,3,VERYGOOD,2
72,154,89,25532,20000,2000,5,VERYGOOD,2
48,149,76,8500,9000,0,0,VERYGOOD,2
85,170,110,15800,13000,0,4,VERYGOOD,1
44,145,79,6000,6000,1000,13,VERYGOOD,2
62,160,83,7500,9170,600,0,MEDIUM,1
57,155,88,12000,12000,1200,5,VERYGOOD,2
51,160,71,20000,15000,0,6,GOOD,1
52,160,32,7200,7000,800,4,VERYGOOD,2
65,168,88,11600,6000,2000,8,VERYGOOD,1
90,167,109,30000,25000,2500,6,VERYGOOD,1
62,155,82,15000,14000,0,2,VERYGOOD,1
52,146,79,11200,2000,0,3,VERYGOOD,2
44,171,68,2000,5750,0,0,MEDIUM,1
58,149,87,12000,8000,0,4,VERYGOOD,2
49,165,72,3700,4960,1000,8,GOOD,1
65,168,82,30000,10000,500,6,VERYGOOD,1
60,150,84,8100,8000,1000,4,GOOD,1
66,155,89,1600,1600,0,3,MEDIUM,2
39,148,70,4200,4200,0,4,MEDIUM,2
48,158,78,3800,3800,400,0,MEDIUM,2
45,165,70,6000,5000,0,6,MEDIUM,1
71,175,86,12600,6000,15000,0,MEDIUM,1
69,160,94,9300,9000,0,0,VERYGOOD,1
45,150,69,20600,15000,200,0,VERYGOOD,2
57,152,84,3200,3000,200,0,GOOD,2
55,153,87,9400,9300,500,4,VERYGOOD,1
45,150,87,7900,7800,500,0,MEDIUM,2
55,165,81,18900,16000,1500,5,VERYGOOD,1
42,142,60,3100,3100,300,8,VERYGOOD,2
63,158,81,17700,17500,1000,4,VERYGOOD,1
50,150,76,5600,5000,0,0,VERYGOOD,2
70,150,92,3200,1500,0,4,LOW,1
67,175,87,29500,12000,0,8,VERYGOOD,1
52,162,72,4900,1000,0,8,MEDIUM,1
56,160,81,6400,4700,0,0,VERYGOOD,1
76,160,86,12000,6300,0,8,VERYGOOD,2
55,165,81,9600,6000,120000,8,VERYGOOD,2
72,165,86,24000,25000,300,8,VERYGOOD,1
101,165,111,143600,30000,0,6,VERYGOOD,1
60,168,85,31900,30000,250,3,GOOD,1
45,161,87,10300,4000,0,0,LOW,1
51,156,72,55000,30000,0,8,VERYGOOD,2
52,168,76,39600,16600,600,5,GOOD,1
56,158,83,5800,5000,300,0,GOOD,2
89,172,102,41000,32000,0,7,VERYGOOD,1
55,172,79,600,4000,0,0,VERYGOOD,1
79,165,122,26600,6000,14400,9,MEDIUM,2
69,167,86,36000,29000,0,8,VERYGOOD,1
68,170,94,5000,5000,0,0,GOOD,1
50,153,78,6350,6700,0,5,GOOD,2
63,154,101,6700,5800,0,0,MEDIUM,2
66,161,97,2333,2000,0,3,VERYGOOD,1
56,155,81,7908,5000,1200,7,VERYGOOD,1
60,148,89,2133,2000,0,3,GOOD,2
44,150,66,4700,4000,0,12,VERYGOOD,2
66,161,78,38200,22000,3600,8,GOOD,1
48,166,74,3000,3000,0,5,MEDIUM,1
50,170,82,12100,17000,0,10,GOOD,1
62,149,87,21300,16600,1200,0,VERYGOOD,2
65,167,91,23366,3100,0,0,VERYGOOD,1
71,161,93,8600,3000,0,8,VERYGOOD,2
45,159,70,15466,13450,100,5,VERYGOOD,1
65,165,87,14016,4000,0,0,VERYGOOD,2
65,156,98,15966,4690,0,8,VERYGOOD,1
80,170,92,6600,6500,500,4,GOOD,1
72,165,90,40900,3484,0,4,VERYGOOD,1
60,165,82,13516,10435,0,5,VERYGOOD,2
50,145,87,21500,1000,0,4,VERYGOOD,2
52,156,77,22432,22000,0,8,MEDIUM,2
51,154,87,6100,5100,0,0,MEDIUM,2
67,150,85,28400,28000,1000,4,VERYGOOD,2
73,160,97,10600,9500,0,0,VERYGOOD,1
33,145,59,19800,18000,0,13,GOOD,2
53,158,79,4200,5020,0,0,VERYGOOD,1
56,148,100,17000,17000,1000,3,VERYGOOD,2
73,176,87,7477,7000,0,5,VERYGOOD,1
56,165,67,15000,13000,10000,0,LOW,1
67,155,103,4900,6000,200,8,VERYGOOD,1
36,148,70,13000,12000,1000,0,LOW,2
50,157,75,39600,6000,0,0,VERYGOOD,2
49,150,78,7200,7000,0,8,VERYGOOD,1
70,163,99,6000,4280,0,0,GOOD,2
54,160,78,0,8500,0,15,VERYGOOD,2
60,160,100,4000,3500,0,0,LOW,2
62,160,92,15200,15000,0,5,VERYGOOD,2
60,162,81,33000,30000,0,8,VERYGOOD,1
46,165,74,76000,22000,0,4,VERYGOOD,1
60,151,84,6720,14000,2500,16,MEDIUM,2
43,156,67,10100,8500,0,0,MEDIUM,2
56,159,79,4700,6000,0,0,MEDIUM,1
52,165,80,8650,4500,0,2,MEDIUM,1
55,156,83,4386,3000,0,4,GOOD,1
68,160,78,2400,2720,2100,0,VERYGOOD,1
53,165,88,4700,3340,4800,7,MEDIUM,1
72,175,86,5567,3400,1000,4,VERYGOOD,1
60,149,80,20150,20000,1000,3,GOOD,2
42,140,56,21200,21000,2000,0,GOOD,2
69,150,113,2000,2000,0,0,LOW,2
38,147,72,11000,9800,0,0,LOW,2
37,149,78,9500,11000,0,0,LOW,2
55,153,80,17300,10500,0,6,VERYGOOD,2
50,162,80,17300,10500,0,6,VERYGOOD,1
72,160,84,8000,7500,500,6,GOOD,1
56,162,78,3000,3000,0,4,MEDIUM,1
55,150,83,15840,10740,0,8,VERYGOOD,2
48,145,53,1700,3450,100,0,GOOD,2
515,152,74,4700,4200,0,0,MEDIUM,2
56,165,85,7800,7800,0,0,MEDIUM,1
46,156,71,13900,13500,4000,0,LOW,2
69,169,87,10600,5000,0,0,VERYGOOD,1
46,148,76,6900,7000,0,3,LOW,2
69,163,90,7000,5000,0,6,VERYGOOD,1
67,155,90,26800,26800,2000,3,VERYGOOD,2
60,163,80,17000,12000,0,3,MEDIUM,1
47,150,76,7600,7000,800,0,VERYGOOD,2
58,161,81,4200,4000,500,0,VERYGOOD,1
55,153,88,4300,4200,0,0,MEDIUM,1
55,155,91,4900,5500,0,0,MEDIUM,1
57,157,72,5500,6500,0,0,MEDIUM,1
42,147,68,18750,15600,0,0,MEDIUM,2
50,149,78,3800,6000,0,9,MEDIUM,1
67,153,85,20100,20000,9,4,VERYGOOD,2
53,140,87,12900,10000,0,6,MEDIUM,2
52,168,72,17500,15000,500,8,VERYGOOD,1
40,136,72,6900,9500,300,0,LOW,2
68,166,87,26500,2000,3000,4,VERYGOOD,1
46,145,79,2600,5500,0,0,MEDIUM,2
55,149,87,7200,5000,0,0,MEDIUM,2
50,167,72,12000,9500,0,0,LOW,1
57,153,92,5500,5500,0,0,MEDIUM,2
58,162,82,11000,12000,0,3,GOOD,1
50,160,65,7000,6000,0,4,MEDIUM,1
50,159,74,6000,5000,800,6,VERYGOOD,2
47,160,73,2133,2000,0,4,VERYGOOD,1
65,145,90,44500,44500,2000,4,VERYGOOD,2
55,152,71,6700,6000,800,8,GOOD,1
64,166,83,14000,9800,500,3,GOOD,1
54,153,81,7200,7000,1000,8,MEDIUM,2
60,147,82,4600,6000,300,0,VERYGOOD,2
52,156,79,6700,8500,0,2,VERYGOOD,1
61,150,94,17000,12000,0,0,GOOD,2
56,148,82,24000,15000,0,5,GOOD,2
61,164,83,18500,9900,0,4,GOOD,1
50,165,65,20066,10300,0,8,VERYGOOD,1
59,174,76,11533,10000,1000,4,VERYGOOD,1
66,160,94,9000,9000,0,5,VERYGOOD,1
63,152,80,17100,17000,0,0,GOOD,2
51,158,82,8500,4855,500,0,MEDIUM,1
54,148,92,8500,4855,1000,0,MEDIUM,2
54,165,79,2900,6000,600,0,MEDIUM,1
65,160,90,7300,6000,500,0,VERYGOOD,1
75,155,108,5800,6700,600,0,GOOD,1
60,147,81,3100,3000,0,5,GOOD,2
45,152,82,10900,15400,1200,0,VERYGOOD,1
73,145,116,7400,9000,0,9,GOOD,2
67,162,91,25500,25000,2000,4,VERYGOOD,1
40,145,75,6000,5000,500,5,VERYGOOD,2
57,150,76,2200,2200,0,0,LOW,2
60,165,72,9290,7000,200,0,VERYGOOD,1
62,158,94,7000,7000,500,0,GOOD,1
60,164,82,5800,5000,300,5,VERYGOOD,1
60,159,77,4700,3800,1200,5,VERYGOOD,1
47,150,89,19000,15400,1200,0,MEDIUM,2
60,149,77,2600,4000,500,0,VERYGOOD,2
49,151,82,6000,7500,1000,0,VERYGOOD,2
69,180,82,7000,5000,800,8,VERYGOOD,1
80,155,101,20000,20000,0,7,GOOD,2
52,160,72,18200,5000,1000,8,VERYGOOD,1
60,155,94,38700,12000,0,8,GOOD,2
48,150,73,6500,6000,0,0,VERYGOOD,2
52,161,84,10640,9000,0,0,LOW,1
65,155,95,14200,14200,0,1,GOOD,1
52,172,77,9200,8000,1000,8,VERYGOOD,1
78,144,100,12000,9300,300,0,VERYGOOD,2
52,158,68,2900,6000,2000,0,VERYGOOD,2
66,150,100,900,3000,700,0,MEDIUM,2
47,160,69,7000,7000,0,0,LOW,2
48,165,67,2200,1800,1000,0,VERYGOOD,1
58,155,76,10000,6000,0,0,VERYGOOD,2
59,150,81,18700,18700,200,0,VERYGOOD,2
65,152,75,21000,21000,500,4,VERYGOOD,2
55,160,77,83600,56200,0,8,VERYGOOD,2
59,155,80,22400,22400,1000,2,VERYGOOD,1
63,155,87,4600,6000,0,0,GOOD,2
57,175,76,15900,20000,0,0,GOOD,1
84,163,92,10600,12900,0,8,VERYGOOD,2
65,155,97,9500,8000,500,6,VERYGOOD,2
63,152,104,18900,17000,0,8,GOOD,2
53,157,75,4400,4000,0,3,MEDIUM,2
50,162,77,22432,22000,0,8,VERYGOOD,1
62,162,87,35000,34000,3000,8,GOOD,1
82,162,114,510600,150000,0,4,VERYGOOD,1
78,175,98,48166,40000,2000,8,VERYGOOD,1
67,165,95,6800,6800,0,6,VERYGOOD,1
65,148,85,22400,22400,1000,4,VERYGOOD,2
60,165,90,33800,33800,1500,4,VERYGOOD,1
63,160,75,20700,20700,1000,0,GOOD,1
60,160,77,11200,11200,160,6,VERYGOOD,1
90,162,110,4700,5000,0,0,GOOD,2
52,165,72,18500,18000,1000,8,VERYGOOD,1
65,165,81,11500,9150,0,4,VERYGOOD,1
51,162,78,7500,7500,0,3,MEDIUM,1
44,154,73,20600,2850,0,0,VERYGOOD,2
38,143,44,29400,29000,0,4,MEDIUM,2
60,154,101,6000,6000,0,0,LOW,2
72,170,96,50000,30000,1000,0,VERYGOOD,1
70,160,98,3000,2000,1000,4,GOOD,1
45,155,81,7000,7000,1000,0,LOW,2
78,170,89,6000,6000,2000,3,MEDIUM,1
54,155,81,10000,10000,0,2,MEDIUM,1
69,155,108,5600,9000,1000,3,VERYGOOD,2
48,145,79,1980,6175,600,0,GOOD,2
4565,150,76,3600,5800,0,5,GOOD,1
54,160,87,5700,6000,0,0,VERYGOOD,2
56,155,97,600,1500,0,0,GOOD,2
55,160,73,2300,1000,0,0,VERYGOOD,1
54,150,80,10000,9000,2000,0,MEDIUM,2
67,151,100,3000,3000,1000,2,VERYGOOD,2
58,170,75,6000,6000,600,0,GOOD,1
76,157,81,2000,3000,0,0,GOOD,2
44,145,68,6566,2000,2000,8,VERYGOOD,2
62,170,88,7300,6000,500,0,VERYGOOD,2
59,160,81,5700,5000,1200,0,LOW,2
60,160,87,17560,2000,0,8,VERYGOOD,2
43,154,68,36200,46000,1500,0,VERYGOOD,1
55,156,78,3000,3000,2000,2,MEDIUM,1
55,155,82,2000,2000,1000,0,LOW,1
65,155,93,3000,3000,500,0,MEDIUM,1
48,150,60,800,1000,1000,0,LOW,1
62,158,85,20000,18000,1000,0,MEDIUM,2
48,148,80,2500,2500,0,0,VERYGOOD,2
59,152,76,12600,9700,0,6,VERYGOOD,2
65,160,95,11400,8745,200,8,VERYGOOD,1
55,156,91,3700,5225,300,0,GOOD,2
65,145,92,19000,17000,2000,0,MEDIUM,2
64,163,84,6400,5835,250,3,VERYGOOD,2
75,155,92,10000,8000,3000,8,VERYGOOD,1
54,155,73,4000,4000,1000,0,MEDIUM,2
50,170,74,10000,8000,1000,2,VERYGOOD,1
84,179,91,12600,11500,0,4,VERYGOOD,1
53,155,80,2600,2000,2400,2,MEDIUM,2
46,157,67,2000,1880,200,6,VERYGOOD,1
55,155,97,8000,6365,300,4,GOOD,2
43,155,73,6000,5000,2000,8,GOOD,2
45,149,80,5900,5900,260,3,VERYGOOD,1
45,150,77,2900,1200,600,0,LOW,2
54,155,83,10600,9500,0,0,VERYGOOD,2
68,156,89,7000,4000,0,6,VERYGOOD,2
54,170,82,700,4720,0,0,MEDIUM,1
80,155,90,2500,3000,2000,1,MEDIUM,2
72,155,102,4000,4000,0,5,GOOD,2
69,165,88,1800,2000,1000,2,MEDIUM,1
56,160,79,6300,5050,300,0,LOW,2
45,160,79,10000,10000,1000,7,VERYGOOD,1
62,172,80,7000,7000,1000,3,VERYGOOD,1
54,165,71,9400,9400,0,3,GOOD,1
60,158,84,9000,9000,2000,3,GOOD,1
51,145,82,1000,3000,4800,0,MEDIUM,2
53,167,79,15000,15000,0,3,VERYGOOD,1
63,170,83,1000,1000,0,0,GOOD,1
64,160,86,6000,6000,3000,0,GOOD,1
86,170,94,5100,3900,0,9,GOOD,1
65,152,85,26100,26000,700,3,GOOD,2
45,143,80,23500,23500,700,4,VERYGOOD,2
67,150,85,22000,22000,0,4,VERYGOOD,2
49,155,72,6000,5600,0,4,VERYGOOD,1
60,160,83,33100,33000,1500,0,VERYGOOD,1
65,148,85,22300,22300,1200,0,GOOD,2
60,150,75,21450,21450,2000,2,VERYGOOD,2
60,150,73,26600,26000,0,0,VERYGOOD,1
63,156,82,41100,30000,0,0,VERYGOOD,2
52,165,29,5600,5700,600,8,GOOD,1
70,159,85,4500,5250,0,8,GOOD,2
54,160,85,1400,4060,600,8,MEDIUM,2
50,160,75,7100,7100,0,2,GOOD,1
55,158,81,19700,19700,0,4,VERYGOOD,1
53,153,76,9800,9800,100,8,GOOD,1
56,158,80,7000,7000,0,4,MEDIUM,2
65,175,87,7500,7500,200,6,GOOD,1
57,160,72,10500,8650,4000,13,GOOD,2
68,160,89,9600,6700,0,12,GOOD,2
73,168,87,100000,15000,0,8,VERYGOOD,1
72,150,105,5800,5800,100,5,MEDIUM,2
65,175,93,12500,12400,600,0,MEDIUM,1
60,154,86,5200,3900,0,9,GOOD,2
59,152,75,20050,20000,600,4,VERYGOOD,2
65,165,84,46300,27700,0,4,GOOD,1
58,160,82,0,21000,0,0,VERYGOOD,2
50,155,75,7600,8000,0,6,MEDIUM,2
45,145,76,9400,9000,0,0,MEDIUM,2
60,180,82,29900,29000,0,0,VERYGOOD,1
74,155,98,4900,4900,0,0,VERYGOOD,2
66,155,90,900,900,0,0,MEDIUM,2
51,150,84,21500,20000,0,0,LOW,2
48,145,83,31000,30000,0,0,MEDIUM,2
49,150,82,11700,10000,0,0,LOW,2
49,153,81,900,900,500,0,LOW,2
98,170,125,1700,1400,0,0,LOW,2
62,143,100,9000,9000,1200,0,GOOD,2
55,148,90,5100,5100,0,0,GOOD,2
59,146,91,20000,19600,0,2,GOOD,2
60,59,93,5000,4500,0,4,MEDIUM,2
65,160,91,2700,2700,0,0,LOW,1
66,110,92,41300,32000,3000,4,LOW,1
57,155,86,3000,3000,0,3,GOOD,2
65,162,92,18200,18300,5000,5,GOOD,1
78,168,105,1700,2000,2000,0,MEDIUM,1
61,150,102,3000,3000,2000,2,GOOD,2
55,155,81,3900,3000,0,3,VERYGOOD,2
80,165,975,8600,2500,1200,0,GOOD,2
81,153,102,30000,30000,0,0,MEDIUM,2
72,148,110,3000,3000,0,3,GOOD,2
47,145,70,6000,6000,0,3,GOOD,2
54,150,85,3000,3000,1000,2,MEDIUM,2
44,145,74,3100,4000,100,0,GOOD,2
35,155,60,4000,4000,300,5,MEDIUM,2
60,154,91,18200,18300,0,0,MEDIUM,2
42,145,69,11500,10000,0,3,VERYGOOD,2
52,148,76,6600,8000,0,6,VERYGOOD,1
56,160,86,5700,5000,0,4,VERYGOOD,2
90,165,110,25700,10000,10000,0,VERYGOOD,2
34,145,76,10000,8000,0,4,VERYGOOD,2
53,176,84,7500,7500,500,4,VERYGOOD,1
60,160,90,20000,19600,600,2,MEDIUM,1
60,148,87,4150,4150,150,0,GOOD,2
36,146,55,50000,40000,0,0,LOW,2
58,160,82,14000,14000,3000,3,GOOD,1
83,165,102,15000,15000,0,0,GOOD,1
50,168,78,16000,16500,0,0,MEDIUM,1
81,167,92,27000,13000,0,3,GOOD,2
52,160,70,4700,3500,0,2,VERYGOOD,2
59,156,80,20000,15000,0,2,VERYGOOD,1
55,150,88,6000,6000,300,0,VERYGOOD,2
52,154,77,1500,2000,0,0,LOW,2
57,166,76,1400,4000,200,0,LOW,1
66,158,89,6500,2200,0,4,MEDIUM,1
50,155,83,4700,4000,0,0,GOOD,2
100,160,118,54700,30000,0,0,LOW,1
0,0,0,0,0,0,0,,2
88,77,77,456456,0,6456456,456456,VERYGOOD,1
55,149,77,15700,15700,160,6,VERYGOOD,1
30,150,81,11400,11400,300,4,VERYGOOD,2
44,150,80,9800,9820,2000,0,LOW,2
43,143,64,12300,12000,2000,5,VERYGOOD,2
53,152,79,6300,6300,500,4,VERYGOOD,1
87,168,98,6200,6500,500,3,GOOD,1
65,160,33,25200,9000,0,0,MEDIUM,1
54,170,82,5600,5580,500,0,MEDIUM,2
64,166,89,7700,7650,500,4,GOOD,1
55,162,84,9600,9500,600,4,VERYGOOD,1
54,160,78,13000,12800,500,3,GOOD,1
50,155,84,18600,18000,1200,4,GOOD,2
54,155,68,6800,6500,1000,4,MEDIUM,2
65,155,94,5700,5680,700,4,VERYGOOD,2
40,140,75,8700,8700,1800,0,LOW,2
65,160,83,1900,2000,0,0,MEDIUM,1
62,146,80,34000,34000,1000,4,VERYGOOD,1
57,152,81,24600,24500,2000,0,VERYGOOD,2
39,145,76,3200,2000,0,3,LOW,2
65,160,81,14950,14950,0,4,VERYGOOD,1
48,160,81,9300,9000,1000,0,VERYGOOD,1
50,146,80,30300,30000,2000,0,GOOD,2
65,150,81,24400,24400,1500,0,VERYGOOD,2
55,160,80,20300,20000,1000,0,VERYGOOD,1
45,155,50,7000,7000,160,6,GOOD,1
49,145,74,12700,12700,0,0,VERYGOOD,2
62,165,89,8800,7000,0,4,VERYGOOD,1
45,150,89,3800,3000,500,0,MEDIUM,2
61,163,86,4000,3000,100,6,GOOD,1
60,162,80,4100,4290,0,8,GOOD,2
40,160,55,2000,2430,100,0,MEDIUM,2
47,180,63,3000,3000,0,1,GOOD,1
68,145,90,5800,6920,6000,5,MEDIUM,2
54,160,78,30600,17800,600,8,VERYGOOD,1
50,149,90,15000,15000,50,0,MEDIUM,2
58,145,95,20000,15000,300,3,VERYGOOD,2
55,162,80,13100,15000,0,0,VERYGOOD,1
40,162,67,10800,9000,0,0,LOW,2
57,153,87,6600,10600,2100,6,VERYGOOD,2
68,156,104,15000,15000,0,2,GOOD,2
93,180,96,11600,11000,0,0,VERYGOOD,1
50,145,85,37700,30000,0,0,GOOD,2
40,155,64,1000,1000,1000,0,LOW,2
73,168,95,4000,4000,1000,0,LOW,1
46,161,70,21600,20000,6000,8,MEDIUM,1
46,150,71,10000,10000,0,3,GOOD,1
60,167,78,15700,15700,450,5,VERYGOOD,1
53,146,79,2850,2850,0,2,MEDIUM,2
55,146,78,15700,15700,600,5,VERYGOOD,2
69,155,102,6600,4200,0,7,GOOD,2
44,150,83,31900,30000,200,4,GOOD,2
83,154,110,7750,7750,0,6,GOOD,2
61,165,83,1500,1500,0,0,MEDIUM,2
42,147,70,3300,3000,0,0,VERYGOOD,2
70,165,91,30600,27800,600,8,VERYGOOD,2
60,152,94,13800,13800,400,3,VERYGOOD,2
48,160,76,700,1300,80,0,VERYGOOD,1
73,160,103,9200,9200,100,4,VERYGOOD,1
60,155,91,8000,6000,0,8,GOOD,2
47,150,72,5000,5000,0,1,MEDIUM,2
56,153,81,10000,5000,0,8,VERYGOOD,2
42,148,70,2600,6000,400,3,MEDIUM,2
72,165,85,10600,9400,0,6,VERYGOOD,1
38,150,82,9000,9000,0,0,LOW,2
45,157,74,7600,8500,0,0,LOW,2
68,174,89,12000,9800,0,0,MEDIUM,1
65,140,97,1000,1000,300,0,VERYGOOD,2
43,147,83,26500,20000,0,0,MEDIUM,2
43,150,78,3400,4000,300,0,LOW,2
60,160,90,30000,25000,0,8,VERYGOOD,1
70,160,110,1600,1600,500,0,LOW,2
45,155,60,3600,2000,0,4,GOOD,1
48,165,71,4000,4000,0,3,VERYGOOD,1
70,170,100,9500,8000,1000,4,VERYGOOD,1
68,160,86,30700,22000,400,0,LOW,1
44,142,74,1500,1500,0,0,VERYGOOD,2
50,158,73,23000,24000,300,4,VERYGOOD,1
64,166,82,30000,10000,0,0,MEDIUM,1
60,158,82,20000,9000,0,12,GOOD,2
41,155,72,3000,3000,0,0,MEDIUM,1
63,146,104,20900,22000,2100,5,GOOD,2
45,150,65,6600,7000,0,4,GOOD,2
59,161,79,20600,15000,0,8,VERYGOOD,2
49,156,78,6700,15000,5000,8,GOOD,2
62,160,84,4000,3700,0,0,GOOD,1
56,160,88,12000,15000,0,0,VERYGOOD,2
68,166,82,65000,14000,0,0,VERYGOOD,2
57,156,85,16200,19000,500,0,VERYGOOD,2
66,155,85,15600,17500,150,0,VERYGOOD,2
53,152,86,10000,9000,0,0,MEDIUM,2
58,157,80,14600,11500,4000,0,VERYGOOD,2
90,190,45,30000,10000.99,2000.99,2,VERYGOOD,1
68,170,85,32000,7000,0,0,VERYGOOD,1
55,165,75,45000,35000,0,8,VERYGOOD,1
65,160,102,7700,5000,0,3,MEDIUM,2
67,150,92,8600,6700,0,0,VERYGOOD,2
68,145,89,10000,7200,0,0,VERYGOOD,2
58,166,80,13000,8900,0,8,VERYGOOD,2
52,158,80,12000,9200,0,8,GOOD,2
93,167,110,10600,10000,0,2,LOW,1
68,150,107,8800,7300,0,6,MEDIUM,2
49,156,77,200000,50000,2000,0,VERYGOOD,2
69,170,87,21600,17400,2000,0,VERYGOOD,1
69,150,97,6700,6200,0,10,MEDIUM,2
69,146,107,12800,10900,500,6,GOOD,2
55,155,70,40800,40000,0,0,MEDIUM,1
72,160,102,15000,10000,0,6,VERYGOOD,1
64,168,83,10000,9000,0,13,VERYGOOD,1
83,156,96,15000,15000,0,8,VERYGOOD,2
60,150,76,13000,8000,0,0,VERYGOOD,2
47,150,92,600,0,0,0,GOOD,2
59,179,81,15000,14000,0,8,VERYGOOD,1
58,155,79,12000,10000,0,1,MEDIUM,2
58,147,83,15700,10000,0,0,VERYGOOD,2
75,159,102,18000,10000,0,8,VERYGOOD,2
66,150,103,1600,5000,0,0,LOW,2
80,172,102,30000,10000,3000,2,VERYGOOD,2
56,150,82,51520,29200,0,10,VERYGOOD,2
60,167,82,51300,29200,0,10,VERYGOOD,1
61,150,84,23000,15000,10000,0,VERYGOOD,2
55,150,87,7000,6000,0,4,VERYGOOD,2
68,170,91,220600,25000,1000,2,VERYGOOD,1
48,150,73,11700,3800,0,4,VERYGOOD,2
63,150,89,6000,8000,0,8,VERYGOOD,2
54,148,84,4000,3000,0,7,GOOD,2
67,170,86,10000,9000,0,8,VERYGOOD,1
50,148,74,3000,3000,0,0,VERYGOOD,2
84,165,96,3000,1000,0,0,VERYGOOD,1
70,150,96,5000,5000,0,0,VERYGOOD,2
62,152,86,15000,15000,0,0,GOOD,2
78,155,97,15000,10000,0,0,LOW,2
78,178,86,20000,30000,0,8,VERYGOOD,1
59,158,82,10000,9000,0,8,VERYGOOD,2
57,150,84,10000,9000,0,0,GOOD,2
80,178,102,20000,30000,40000,8,VERYGOOD,1
80,156,92,10000,10000,0,8,VERYGOOD,2
67,150,91,11100,5000,150,8,MEDIUM,2
67,160,86,9000,6000,0,0,VERYGOOD,2
50,155,81,7000,6000,0,8,VERYGOOD,2
62,158,89,10000,10000,0,8,VERYGOOD,2
44,163,81,9000,9000,0,8,GOOD,1
50,156,76,15000,15000,0,8,VERYGOOD,2
60,165,102,9600,9000,0,8,VERYGOOD,1
45,153,80,60000,50000,0,0,MEDIUM,2
55,165,81,6700,10000,0,8,VERYGOOD,2
57,162,90,4200,6000,0,0,LOW,1
60,165,87,5000,5000,0,8,VERYGOOD,1
59,159,77,5000,5000,0,8,VERYGOOD,1
